{"p33": 37.07996302066667, "p66": 110.58377283033333}